Neighborhood,Price,Bedrooms,Bathrooms,House Size,Description,Neighborhood Description,row_number,House Size(sqft),images
Cedar Ridge,625000.0,4,3.0,"2,800 sqft","This stunning 4-bedroom, 3-bathroom home in Cedar Ridge offers comfort and luxury in a prime location. With a modern kitchen featuring stainless steel appliances, a large island, and quartz countertops, it's perfect for entertaining. The master suite provides a tranquil retreat with its spa-like bathroom and walk-in closet. Enjoy the professionally landscaped backyard with a covered patio for year-round use. Cedar Ridge offers a unique blend of elegance and practicality for a discerning homeowner.","Cedar Ridge is renowned for its peaceful surroundings and well-maintained homes. It's a family-friendly neighborhood with high-rated schools, numerous parks, and recreational facilities. The community boasts a vibrant shopping district with boutiques and restaurants. Its residents enjoy the perfect mix of suburban tranquility and convenient access to urban amenities.",0,2800.0,./images/image_0.png
Bluewater Bay,350000.0,2,2.0,"1,500 sqft","Discover the charm of coastal living in Bluewater Bay. This captivating 2-bedroom, 2-bathroom home features an open floor layout with breathtaking views of the bay. The sunlit living area leads to a wide balcony, inviting you to relax and enjoy the serene water views. With a spacious master bedroom and a modern kitchen, this home combines comfort with elegance. Bluewater Bay is perfect for anyone looking for a peaceful retreat close to nature.","Bluewater Bay is a scenic waterfront community with a laid-back atmosphere. It offers a variety of water activities, including boating, fishing, and kayaking. The neighborhood is dotted with quaint cafes and seafood restaurants, providing a taste of the local cuisine. With its friendly community and beautiful landscapes, Bluewater Bay is an idyllic place to call home.",1,1500.0,./images/image_1.png
Aspen Meadows,975000.0,5,4.0,"3,500 sqft","Experience luxury living in Aspen Meadows with this exquisite 5-bedroom, 4-bathroom residence. The home features a grand foyer, a gourmet kitchen with high-end appliances, and a spacious living area with a stone fireplace. The outdoor space includes a beautiful patio, perfect for entertaining, and a landscaped garden. The master suite offers a lavish bathroom and a large walk-in closet. Aspen Meadows is the epitome of sophistication and comfort.","Aspen Meadows is an exclusive community known for its luxurious homes and pristine landscapes. The neighborhood prides itself on its security, privacy, and a high standard of living. Residents enjoy access to private golf courses, tennis courts, and a country club. With its picturesque settings and deluxe amenities, Aspen Meadows is the ultimate destination for those seeking an affluent lifestyle.",2,3500.0,./images/image_2.png
Maple Grove,415000.0,3,2.5,"2,100 sqft","Welcome to this charming 3-bedroom, 2.5-bathroom home in Maple Grove. The property includes a welcoming front porch, a cozy living room with a fireplace, and a spacious kitchen with modern appliances. The backyard is a quiet oasis with a deck and lush landscaping, perfect for outdoor gatherings. Maple Grove offers a harmonious blend of comfort and convenience in a friendly community.","Maple Grove is a vibrant neighborhood with a strong sense of community. It features a mix of residential and commercial areas, providing residents with easy access to shops, schools, and parks. The neighborhood hosts various community events throughout the year, fostering a sense of belonging among residents. Maple Grove is ideal for families looking for a nurturing and dynamic environment.",3,2100.0,./images/image_3.png
Sunnyvale Acres,490000.0,3,2.5,"1,900 sqft","Nestled in the heart of Sunnyvale Acres, this 3-bedroom, 2.5-bathroom home offers a perfect blend of comfort and simplicity. The house features an efficient layout with a spacious living room, a dining area, and a kitchen with ample storage. The master bedroom includes an en-suite bathroom and a walk-in closet. The large, fenced backyard with a patio provides a safe and private space for relaxation. Sunnyvale Acres is a welcoming neighborhood that combines suburban tranquility with convenient access to city life.","Sunnyvale Acres is a peaceful and inviting community, known for its well-kept homes and friendly neighbors. It provides a suburban feel with plenty of green spaces and parks for outdoor activities. The neighborhood has easy access to shopping centers, restaurants, and schools, making it an ideal location for families. Sunnyvale Acres embodies a laid-back lifestyle while being within reach of metropolitan amenities.",4,1900.0,./images/image_4.png
Maple Ridge,950000.0,4,3.5,"3,200 sqft","Experience luxury living in this stunning 4-bedroom, 3.5-bathroom home located in the serene Maple Ridge neighborhood. This modern masterpiece features an open floor plan, gourmet kitchen with high-end appliances, and a magnificent living room with a stone fireplace. The master suite offers a spa-like bathroom and a large walk-in closet. Enjoy outdoor living with a beautifully landscaped backyard, complete with a patio and fire pit.","Maple Ridge is a prestigious neighborhood known for its spacious parks, top-rated schools, and exclusive golf club. Residents enjoy quiet, tree-lined streets and a friendly community atmosphere. With fine dining options and upscale shopping, Maple Ridge offers a perfect blend of suburban tranquility and luxury amenities.",5,3200.0,./images/image_5.png
Bluewater Bay,650000.0,3,2.0,"2,500 sqft","Discover coastal living in Bluewater Bay, where this elegant 3-bedroom, 2-bathroom home awaits. Situated near the water, this property features breathtaking views, a bright and airy floor plan, and a gourmet kitchen that opens to a spacious living area. The master suite boasts private access to the deck, where you can enjoy the peaceful water views. This home is a tranquil retreat for those who love the water.","Bluewater Bay is a vibrant, waterfront community offering residents a lifestyle filled with outdoor adventures, from boating and fishing to beach days and waterfront dining. The neighborhood is known for its safe, friendly atmosphere and community events. With its picturesque surroundings, Bluewater Bay is the ideal place for those seeking a relaxed coastal lifestyle.",6,2500.0,./images/image_6.png
Sunnyvale,1200000.0,5,4.5,"4,000 sqft","Welcome to this breathtaking 5-bedroom, 4.5-bathroom estate in the heart of Sunnyvale. Featuring a stunning entryway, an expansive living area with floor-to-ceiling windows, and a chef's kitchen with marble countertops, this home redefines luxury. The backyard oasis includes a pool, hot tub, and outdoor kitchen, making it perfect for entertaining. The spacious bedrooms and elegant bathrooms provide a peaceful retreat for family and guests alike.","Sunnyvale offers a unique mix of suburban comfort and urban convenience, making it one of the most sought-after neighborhoods. Known for its excellent schools, beautiful parks, and diverse community, Sunnyvale also boasts a dynamic tech scene. Residents can enjoy a wide range of dining and shopping options, as well as easy access to public transportation and major highways, providing an ideal balance of relaxation and opportunity.",7,4000.0,./images/image_7.png
Forest Hills,875000.0,4,3.0,"3,500 sqft","Immerse yourself in the tranquility of Forest Hills with this exquisite 4-bedroom, 3-bathroom home. Nestled among mature trees, this property exudes charm and elegance. The home features a traditional floor plan, a formal dining room, and a cozy family room with a fireplace. The large, screened porch overlooks a private, landscaped yard. Perfect for those seeking a peaceful retreat in a beautiful, natural setting.","Forest Hills is a picturesque neighborhood known for its lush landscapes, historic homes, and friendly community vibe. It offers a unique blend of natural beauty and architectural charm. With access to top-notch schools, parks, and local markets, residents enjoy a high quality of life. The neighborhood maintains a serene environment while being conveniently located near city amenities.",8,3500.0,./images/image_8.png
Cedar Grove,500000.0,3,2.0,"2,100 sqft","This cozy 3-bedroom, 2-bathroom home in Cedar Grove offers the perfect blend of comfort and convenience. The well-designed layout includes a welcoming living room, a spacious kitchen, and a dining area perfect for family gatherings. The backyard is a private haven, ideal for relaxation and outdoor activities. This home is an excellent choice for first-time homebuyers or those looking to downsize.","Cedar Grove is a warm and inviting neighborhood, characterized by its affordable housing, strong sense of community, and convenient location. It's well-suited for families and individuals seeking a quiet, suburban lifestyle with easy access to urban amenities. Cedar Grove boasts various parks, community centers, and schools, making it a desirable place for those seeking a balanced lifestyle.",9,2100.0,./images/image_9.png
Lakeside Meadows,950000.0,4,3.0,"3,500 sqft","Experience luxury and comfort in Lakeside Meadows with this stunning 4-bedroom, 3-bathroom home. Offering breathtaking lake views and a contemporary open floor plan, this property features a state-of-the-art kitchen, spacious living areas, and a master suite with a walk-in closet and spa-like bathroom. The large deck and backyard provide an ideal setting for outdoor entertainment, while the tranquil surroundings offer a peaceful retreat.","Lakeside Meadows is a prestigious, family-friendly community known for its serene lakefront views, jogging trails, and well-maintained parks. Enjoy weekend farmers markets, local boutique shopping, and fine dining at nearby restaurants. With its excellent schools and community events, Lakeside Meadows is the perfect place for those who seek a blend of tranquility and convenience.",10,3500.0,./images/image_10.png
Pinecrest Village,650000.0,3,2.5,"2,200 sqft","Charming and meticulously maintained, this 3-bedroom, 2.5-bathroom home in Pinecrest Village combines modern amenities with traditional elegance. The inviting living room with a fireplace leads to a beautifully landscaped garden and patio area. Hardwood floors, crown molding, and a gourmet kitchen accentuate its classic appeal. Ideal for family living with spacious bedrooms and a cozy family room.","Pinecrest Village is renowned for its tight-knit community atmosphere and rustic charm. Surrounded by nature, it offers abundant outdoor activities such as hiking, biking, and picnicking in its many parks and green spaces. The village hosts annual festivals and events that bring the community together, making it an enjoyable place to live for both families and retirees.",11,2200.0,./images/image_11.png
Sunny Brook Farms,1200000.0,5,4.0,"4,000 sqft","This exquisite 5-bedroom, 4-bathroom estate in Sunny Brook Farms redefines rural luxury. Set on 2 acres of lush, landscaped grounds, the home features a gourmet kitchen, formal dining room, and a majestic living room with cathedral ceilings and a stone fireplace. The outdoor space boasts a custom pool, patio, and a barn, blending elegance with pastoral beauty.","Sunny Brook Farms offers an unrivaled quality of life in a countryside setting. This idyllic community is comprised of sprawling estates and equestrian properties. Residents enjoy private access to hiking trails, horseback riding, and organic farming opportunities. Despite its tranquil nature, it's conveniently located just a short drive from the city's amenities.",12,4000.0,./images/image_12.png
Cedar Heights,499000.0,2,2.0,"1,500 sqft","Perfect for first-time homebuyers, this cozy 2-bedroom, 2-bathroom townhome in Cedar Heights combines affordability with modern living. Featuring an updated kitchen with stainless steel appliances, a comfortable living room with a fireplace, and a private backyard. Its compact and efficient design is ideal for those looking to simplify their lifestyle.","Cedar Heights is a vibrant urban community with a mix of residential and commercial areas. It's home to an eclectic mix of cafes, breweries, and shops, making it a popular destination for young professionals and creatives. The neighborhood boasts several parks and is well-connected by public transport, providing easy access to downtown and surrounding areas.",13,1500.0,./images/image_13.png
Harborview Estates,2800000.0,6,5.5,"6,500 sqft","Nestled in the prestigious Harborview Estates, this luxurious 6-bedroom, 5.5-bathroom mansion offers unparalleled views of the harbor. The property features an impressive foyer, multiple living areas, a chef's kitchen, and a master suite with a private balcony. The expansive outdoor area includes a pool, hot tub, and dock, making it a paradise for those who cherish waterfront living.","Harborview Estates is an exclusive enclave known for its spectacular waterfront properties and affluent residents. It boasts pristine beaches, private marinas, and an upscale lifestyle. The community is committed to preserving its natural beauty while offering amenities such as private security, a country club, and access to some of the best schools in the region.",14,6500.0,./images/image_14.png
Sunset Valley,950000.0,4,3.0,"2,500 sqft","Discover the allure of Sunset Valley with this exquisite 4-bedroom, 3-bathroom estate. Featuring a chef's kitchen with high-end appliances, a grand living room with a fireplace, and an elegant dining area. The master suite offers a luxurious bathroom and a walk-in closet. Step outside to enjoy the beautifully landscaped garden and outdoor seating area—perfect for entertaining.","Sunset Valley is renowned for its breathtaking sunsets, scenic walks, and vibrant community life. This neighborhood boasts top-rated schools, gourmet restaurants, and boutique shops. Enjoy the convenience of living in a serene environment while being just a short drive from the city center.",15,2500.0,./images/image_15.png
Crystal Lake,1200000.0,5,4.0,"3,500 sqft","Experience lakeside luxury in Crystal Lake with this stunning 5-bedroom, 4-bathroom home. Designed for relaxation and entertainment, it features a spacious living area with panoramic lake views, a modern kitchen, and a deck that leads to a private dock. The primary suite includes a spa-like bathroom and a balcony overlooking the water.","Crystal Lake offers a tranquil and leisure-filled lifestyle with its crystal-clear waters, community beach, and marina. Enjoy kayaking, fishing, and swimming right at your doorstep. The neighborhood is also home to a golf course, tennis courts, and miles of biking trails.",16,3500.0,./images/image_16.png
Maple Grove,750000.0,3,2.5,"2,300 sqft","Embrace modern luxury in Maple Grove with this contemporary 3-bedroom, 2.5-bathroom abode. The open floor plan includes a state-of-the-art kitchen, a cozy living room with a fireplace, and a formal dining area. The meticulously maintained backyard features a patio and a fire pit. A perfect blend of style and comfort.","Maple Grove is a vibrant and friendly community known for its lush parks, excellent schools, and diverse shopping options. Residents enjoy a variety of outdoor activities, community events, and a lively dining scene. With its convenient location, Maple Grove offers easy access to major highways and the downtown area.",17,2300.0,./images/image_17.png
Harborview,890000.0,4,3.5,"2,800 sqft","Step into a world of elegance and comfort in this Harborview haven. This 4-bedroom, 3.5-bathroom home features a gourmet kitchen, formal living and dining rooms, and a family room that opens to a backyard oasis. Upstairs, the master suite boasts a luxurious bath and a private terrace with stunning harbor views.","Harborview is a prestigious waterfront community offering a serene and upscale living experience. The neighborhood is dotted with parks, marinas, and walking trails along the water. Enjoy fine dining, exclusive shops, and cultural events all within walking distance. Harborview is the epitome of luxury coastal living.",18,2800.0,./images/image_18.png
Woodland Heights,675000.0,3,2.0,"1,800 sqft","Immerse yourself in the charm of Woodland Heights with this lovely 3-bedroom, 2-bathroom craftsman home. Featuring an updated kitchen, a spacious living room with a wood-burning stove, and hardwood floors throughout. The large deck and backyard provide a peaceful retreat surrounded by mature trees.","Woodland Heights is a picturesque community known for its historic homes, winding streets, and lush greenery. It's a peaceful retreat from the city, offering outdoor fun at local parks and a warm, welcoming atmosphere. Enjoy local cafes, artisan shops, and community events that bring neighbors together.",19,1800.0,./images/image_19.png
Cedar Heights,950000.0,4,3.0,"2,500 sqft","Step into luxury living with this modern Cedar Heights home. Boasting 4 spacious bedrooms and 3 full baths, this residence offers high-end finishes throughout, including a chef's dream kitchen with stainless steel appliances and granite countertops. The open floor plan leads to a landscaped backyard oasis, complete with a patio and fire pit area for unforgettable gatherings. Experience the blend of comfort and sophistication in this exquisite home.","Cedar Heights is renowned for its upscale living and scenic views. The neighborhood features a variety of amenities such as exclusive shopping centers, gourmet restaurants, and well-maintained parks. With its friendly community and top-rated schools, Cedar Heights provides an ideal environment for families and professionals alike.",20,2500.0,./images/image_20.png
Bluewater Bay,1200000.0,5,4.0,"3,500 sqft","Discover waterfront luxury in Bluewater Bay with this stunning 5-bedroom, 4-bathroom home. Featuring a private dock and panoramic views of the bay, this property is a boater's paradise. The interior offers an open layout, high ceilings, and expansive windows that bring in natural light and breathtaking views. Enjoy the gourmet kitchen, formal dining, and multiple living areas, making it perfect for entertaining. A true haven for those seeking a water-oriented lifestyle.","Bluewater Bay is a vibrant community known for its beautiful waterfront properties and active lifestyle offerings. Residents enjoy access to marinas, golf courses, and miles of walking trails. The neighborhood’s friendly atmosphere and array of water-based activities make it a sought-after location for families and aquatic enthusiasts.",21,3500.0,./images/image_21.png
Sunnyvale Crest,850000.0,4,2.5,"2,800 sqft","Elegantly designed, this Sunnyvale Crest home features 4 bedrooms and 2.5 baths, perfect for those who appreciate attention to detail. The kitchen is a chef's dream with modern appliances and ample storage, leading to a cozy living room with a fireplace. The master suite includes a large walk-in closet and a luxurious bathroom. Outdoors, the professionally landscaped yard and patio offer a serene retreat. This home combines elegance with practical living.","Sunnyvale Crest is a peaceful, family-friendly neighborhood known for its well-kept homes and tree-lined streets. The community enjoys access to top schools, local parks, and shopping. Its convenient location makes it ideal for commuters, offering easy access to highways and public transportation options.",22,2800.0,./images/image_22.png
Autumn Ridge,780000.0,3,2.5,"2,200 sqft","Welcome to this beautifully maintained Autumn Ridge home, featuring 3 bedrooms and 2.5 baths. The open floor plan includes a spacious living room, dining area, and an updated kitchen. Large windows provide plenty of natural light, illuminating the hardwood floors and modern decor. The fenced backyard, complete with a deck, is perfect for private relaxation or entertaining. This charming home is move-in ready and offers a warm, inviting atmosphere.","Autumn Ridge is a welcoming community with a mix of traditional and contemporary homes. Known for its friendly neighbors and quiet streets, it offers a relaxing suburban lifestyle. The neighborhood boasts several parks and is close to shopping centers, providing residents with convenience and quality of life.",23,2200.0,./images/image_23.png
Willow Creek,700000.0,4,3.0,"2,600 sqft","This inviting Willow Creek home offers 4 bedrooms, 3 bathrooms, and plenty of charm. With a focus on open space, the layout connects the living, dining, and kitchen areas, ideal for modern living. Features include hardwood floors, a fireplace, and a spacious master suite with a spa-like bathroom. The backyard, with its covered patio and lush landscaping, provides a peaceful outdoor living space. This home is a perfect blend of comfort and style.","Willow Creek is a dynamic neighborhood known for its natural beauty and close-knit community. It offers a range of outdoor activities, including walking trails and community parks. With easy access to local amenities and excellent schools, Willow Creek is an ideal place for families and professionals seeking a balanced lifestyle.",24,2600.0,./images/image_24.png
